{
  "project_info": {
    "project_number": "1004489096755",
    "firebase_url": "https://travelmantics-2ffbf.firebaseio.com",
    "project_id": "travelmantics-2ffbf",
    "storage_bucket": "travelmantics-2ffbf.appspot.com"
  },
  "client": [
    {
      "client_info": {
        "mobilesdk_app_id": "1:1004489096755:android:0eaa0011fc1d9bfc",
        "android_client_info": {
          "package_name": "com.ralemon.travelmantics"
        }
      },
      "oauth_client": [
        {
          "client_id": "1004489096755-motudg94afjvpsaghij99919n17h80lm.apps.googleusercontent.com",
          "client_type": 1,
          "android_info": {
            "package_name": "com.ralemon.travelmantics",
            "certificate_hash": "9ced28eb533a9928f079ccfa06ed430ec6cd3416"
          }
        },
        {
          "client_id": "1004489096755-2s7ava0khjhn6o8b58qr6509q9m0jhv2.apps.googleusercontent.com",
          "client_type": 3
        }
      ],
      "api_key": [
        {
          "current_key": "AIzaSyAAhtFkc4vPYEuFyGCOynZM-zRl9sWCfPU"
        }
      ],
      "services": {
        "appinvite_service": {
          "other_platform_oauth_client": [
            {
              "client_id": "1004489096755-2s7ava0khjhn6o8b58qr6509q9m0jhv2.apps.googleusercontent.com",
              "client_type": 3
            }
          ]
        }
      }
    }
  ],
  "configuration_version": "1"
}